{"cameraMode":{"drawMode":0,"name":"Shaded","section":"Shading Mode"},"sceneLighting":true,"audioPlay":false,"sceneViewState":{"m_AlwaysRefresh":false,"showFog":true,"showSkybox":true,"showFlares":true,"showImageEffects":true,"showParticleSystems":true,"showVisualEffectGraphs":true,"m_FxEnabled":true},"in2DMode":false,"pivot":{"x":1.1458231210708619,"y":-0.7988551259040833,"z":-11.662948608398438},"rotation":{"x":0.13402701914310456,"y":-0.24837873876094819,"z":0.034722864627838138,"w":0.9587187170982361},"size":49.56995391845703,"orthographic":false}